-- phpMyAdmin SQL Dump
-- version 5.1.1
-- https://www.phpmyadmin.net/
--
-- Host: localhost
-- Generation Time: Jun 12, 2023 at 03:59 PM
-- Server version: 10.4.21-MariaDB
-- PHP Version: 7.4.27

SET SQL_MODE = "NO_AUTO_VALUE_ON_ZERO";
START TRANSACTION;
SET time_zone = "+00:00";


/*!40101 SET @OLD_CHARACTER_SET_CLIENT=@@CHARACTER_SET_CLIENT */;
/*!40101 SET @OLD_CHARACTER_SET_RESULTS=@@CHARACTER_SET_RESULTS */;
/*!40101 SET @OLD_COLLATION_CONNECTION=@@COLLATION_CONNECTION */;
/*!40101 SET NAMES utf8mb4 */;

--
-- Database: `db_fonteyn`
--

-- --------------------------------------------------------

--
-- Table structure for table `alerts`
--

CREATE TABLE `alerts` (
  `id` int(11) NOT NULL,
  `server` int(11) DEFAULT NULL,
  `message` text NOT NULL,
  `cleared` tinyint(1) NOT NULL DEFAULT 0,
  `date` timestamp NOT NULL DEFAULT current_timestamp()
) ENGINE=MyISAM DEFAULT CHARSET=utf8mb4;

--
-- Dumping data for table `alerts`
--

INSERT INTO `alerts` (`id`, `server`, `message`, `cleared`, `date`) VALUES
(2, 1, 'Test alert 1 for First Server.', 1, '2023-06-07 00:08:24'),
(3, 1, 'Test alert 2 for First Server.', 1, '2023-06-07 00:08:24'),
(4, 2, 'Test alert 1 for Second Server.', 1, '2023-06-07 00:08:24'),
(5, 2, 'Test alert 2 for Second Server.', 1, '2023-06-07 00:08:24');

-- --------------------------------------------------------

--
-- Table structure for table `requests`
--

CREATE TABLE `requests` (
  `id` int(11) NOT NULL,
  `server` int(11) NOT NULL,
  `status` tinyint(1) NOT NULL,
  `speed` int(11) NOT NULL,
  `date` timestamp NOT NULL DEFAULT current_timestamp()
) ENGINE=InnoDB DEFAULT CHARSET=utf8mb4;

--
-- Dumping data for table `requests`
--

INSERT INTO `requests` (`id`, `server`, `status`, `speed`, `date`) VALUES
(1, 1, 1, 135, '2023-06-06 22:35:02'),
(2, 1, 1, 135, '2023-06-06 22:49:49'),
(3, 1, 1, 55, '2023-06-07 00:10:57'),
(4, 1, 1, 27, '2023-06-07 00:11:02'),
(5, 1, 1, 16, '2023-06-07 00:11:03'),
(6, 1, 1, 65, '2023-06-07 00:11:05'),
(7, 1, 1, 58, '2023-06-07 00:11:07'),
(8, 1, 0, 28, '2023-06-07 00:11:09'),
(9, 2, 1, 41, '2023-06-07 00:15:59'),
(10, 2, 0, 69, '2023-06-07 00:16:03'),
(11, 2, 0, 100, '2023-06-07 00:16:05'),
(12, 2, 0, 69, '2023-06-07 00:16:08'),
(13, 2, 1, 9, '2023-06-07 00:16:11'),
(14, 1, 1, 59, '2023-06-07 00:22:52'),
(15, 3, 1, 34, '2023-06-07 12:13:35'),
(16, 3, 1, 33, '2023-06-07 12:13:44'),
(17, 3, 0, 31, '2023-06-07 12:14:25'),
(18, 6, 1, 1, '2023-06-07 12:40:01'),
(19, 6, 0, 51, '2023-06-07 12:40:28'),
(20, 1, 1, 90, '2023-06-07 13:17:15'),
(21, 7, 0, 88, '2023-06-07 13:54:53'),
(22, 10, 0, 40, '2023-06-11 13:33:55'),
(23, 10, 0, 40, '2023-06-11 13:34:01'),
(24, 10, 1, 54, '2023-06-11 13:51:03'),
(25, 10, 0, 35, '2023-06-11 13:51:15'),
(26, 10, 0, 28, '2023-06-11 13:51:33'),
(27, 10, 1, 22, '2023-06-11 14:48:28'),
(28, 2, 1, 22, '2023-06-11 17:19:33'),
(29, 2, 1, 22, '2023-06-11 17:24:55'),
(30, 2, 1, 22, '2023-06-11 17:24:55'),
(31, 2, 1, 22, '2023-06-11 17:24:56'),
(32, 2, 1, 22, '2023-06-11 17:24:56'),
(33, 6, 0, 20, '2023-06-12 07:50:02'),
(34, 6, 0, 20, '2023-06-12 11:56:29'),
(35, 6, 0, 20, '2023-06-12 11:56:32'),
(36, 6, 0, 20, '2023-06-12 11:56:34'),
(37, 6, 0, 20, '2023-06-12 11:56:37'),
(38, 6, 0, 20, '2023-06-12 11:56:40'),
(39, 6, 0, 20, '2023-06-12 11:56:42'),
(40, 6, 0, 20, '2023-06-12 11:56:45'),
(41, 6, 0, 20, '2023-06-12 11:56:47'),
(42, 12, 0, 20, '2023-06-12 11:58:40'),
(43, 12, 0, 20, '2023-06-12 11:58:43'),
(44, 12, 0, 20, '2023-06-12 11:58:45'),
(45, 12, 0, 20, '2023-06-12 11:58:47'),
(46, 12, 0, 20, '2023-06-12 11:58:50'),
(47, 12, 0, 20, '2023-06-12 11:58:53'),
(48, 12, 0, 20, '2023-06-12 11:58:56'),
(49, 12, 0, 20, '2023-06-12 11:58:58'),
(50, 12, 0, 20, '2023-06-12 11:59:01'),
(51, 12, 0, 20, '2023-06-12 11:59:03'),
(52, 12, 0, 20, '2023-06-12 11:59:06'),
(53, 12, 0, 20, '2023-06-12 11:59:08'),
(54, 12, 0, 20, '2023-06-12 11:59:11'),
(55, 12, 0, 20, '2023-06-12 11:59:13'),
(56, 12, 0, 20, '2023-06-12 11:59:16'),
(57, 12, 0, 20, '2023-06-12 11:59:18'),
(58, 12, 0, 20, '2023-06-12 11:59:21'),
(59, 12, 0, 20, '2023-06-12 11:59:23'),
(60, 12, 0, 20, '2023-06-12 11:59:26'),
(61, 12, 0, 20, '2023-06-12 11:59:28'),
(62, 12, 0, 20, '2023-06-12 11:59:31'),
(63, 12, 0, 20, '2023-06-12 11:59:33'),
(64, 12, 0, 20, '2023-06-12 11:59:35'),
(65, 12, 0, 20, '2023-06-12 11:59:38'),
(66, 12, 0, 20, '2023-06-12 11:59:40'),
(67, 12, 0, 20, '2023-06-12 11:59:43'),
(68, 12, 0, 20, '2023-06-12 11:59:45'),
(69, 12, 0, 20, '2023-06-12 11:59:48'),
(70, 12, 0, 20, '2023-06-12 11:59:50'),
(71, 12, 0, 20, '2023-06-12 11:59:53'),
(72, 12, 0, 20, '2023-06-12 11:59:55'),
(73, 12, 0, 20, '2023-06-12 11:59:57'),
(74, 12, 0, 20, '2023-06-12 12:00:00'),
(75, 12, 0, 20, '2023-06-12 12:00:02'),
(76, 12, 0, 20, '2023-06-12 12:00:06'),
(77, 12, 0, 20, '2023-06-12 12:00:09'),
(78, 12, 0, 20, '2023-06-12 12:00:11'),
(79, 12, 0, 20, '2023-06-12 12:00:14'),
(80, 12, 0, 20, '2023-06-12 12:00:17'),
(81, 12, 0, 20, '2023-06-12 12:00:20'),
(82, 12, 0, 20, '2023-06-12 12:00:23'),
(83, 12, 0, 20, '2023-06-12 12:00:25'),
(84, 12, 0, 20, '2023-06-12 12:00:28'),
(85, 12, 0, 20, '2023-06-12 12:00:30'),
(86, 12, 0, 20, '2023-06-12 12:00:33'),
(87, 12, 0, 20, '2023-06-12 12:00:35'),
(88, 12, 0, 20, '2023-06-12 12:00:37'),
(89, 12, 0, 20, '2023-06-12 12:00:40'),
(90, 12, 0, 20, '2023-06-12 12:00:42'),
(91, 12, 0, 20, '2023-06-12 12:00:45'),
(92, 12, 0, 20, '2023-06-12 12:00:47'),
(93, 12, 0, 20, '2023-06-12 12:00:50'),
(94, 12, 0, 20, '2023-06-12 12:00:52'),
(95, 12, 0, 20, '2023-06-12 12:00:54'),
(96, 12, 0, 20, '2023-06-12 12:00:57'),
(97, 12, 0, 20, '2023-06-12 12:00:59'),
(98, 12, 0, 20, '2023-06-12 12:01:02'),
(99, 12, 0, 20, '2023-06-12 12:01:04'),
(100, 12, 0, 20, '2023-06-12 12:01:07'),
(101, 12, 0, 20, '2023-06-12 12:01:09'),
(102, 12, 0, 20, '2023-06-12 12:01:12'),
(103, 12, 0, 20, '2023-06-12 12:01:14'),
(104, 12, 0, 20, '2023-06-12 12:01:17'),
(105, 12, 0, 20, '2023-06-12 12:01:19'),
(106, 12, 0, 20, '2023-06-12 12:01:22'),
(107, 12, 0, 20, '2023-06-12 12:01:24'),
(108, 12, 0, 20, '2023-06-12 12:01:26'),
(109, 12, 0, 20, '2023-06-12 12:01:29'),
(110, 12, 0, 20, '2023-06-12 12:01:31'),
(111, 12, 0, 20, '2023-06-12 12:01:34'),
(112, 12, 0, 20, '2023-06-12 12:01:36'),
(113, 12, 0, 20, '2023-06-12 12:01:39'),
(114, 12, 0, 20, '2023-06-12 12:01:41'),
(115, 12, 0, 20, '2023-06-12 12:01:44'),
(116, 12, 0, 20, '2023-06-12 12:01:46'),
(117, 12, 0, 20, '2023-06-12 12:01:49'),
(118, 12, 0, 20, '2023-06-12 12:01:51'),
(119, 12, 0, 20, '2023-06-12 12:01:54'),
(120, 12, 0, 20, '2023-06-12 12:01:56'),
(121, 12, 0, 20, '2023-06-12 12:01:59'),
(122, 12, 0, 20, '2023-06-12 12:02:01'),
(123, 12, 0, 20, '2023-06-12 12:02:06'),
(124, 12, 0, 20, '2023-06-12 12:02:09'),
(125, 12, 0, 20, '2023-06-12 12:02:14'),
(126, 12, 0, 20, '2023-06-12 12:02:17'),
(127, 12, 0, 20, '2023-06-12 12:02:19'),
(128, 12, 0, 20, '2023-06-12 12:02:22'),
(129, 12, 0, 20, '2023-06-12 12:02:24'),
(130, 12, 0, 20, '2023-06-12 12:02:26'),
(131, 12, 0, 20, '2023-06-12 12:02:29'),
(132, 12, 0, 20, '2023-06-12 12:02:31'),
(133, 12, 0, 20, '2023-06-12 12:02:34'),
(134, 12, 0, 20, '2023-06-12 12:02:36'),
(135, 12, 0, 20, '2023-06-12 12:02:39'),
(136, 12, 0, 20, '2023-06-12 12:02:41'),
(137, 12, 0, 20, '2023-06-12 12:02:43'),
(138, 12, 0, 20, '2023-06-12 12:02:46'),
(139, 12, 0, 20, '2023-06-12 12:02:48'),
(140, 12, 0, 20, '2023-06-12 12:02:51'),
(141, 12, 0, 20, '2023-06-12 12:02:53'),
(142, 12, 0, 20, '2023-06-12 12:02:56'),
(143, 12, 0, 20, '2023-06-12 12:02:58'),
(144, 12, 0, 20, '2023-06-12 12:03:00'),
(145, 12, 0, 20, '2023-06-12 12:03:03'),
(146, 12, 0, 20, '2023-06-12 12:03:05'),
(147, 12, 0, 20, '2023-06-12 12:03:08'),
(148, 12, 0, 20, '2023-06-12 12:03:10'),
(149, 12, 0, 20, '2023-06-12 12:03:13'),
(150, 12, 0, 20, '2023-06-12 12:03:15'),
(151, 12, 0, 20, '2023-06-12 12:03:18'),
(152, 12, 0, 20, '2023-06-12 12:03:20'),
(153, 12, 0, 20, '2023-06-12 12:03:23'),
(154, 12, 0, 20, '2023-06-12 12:03:26'),
(155, 12, 0, 20, '2023-06-12 12:03:28'),
(156, 12, 0, 20, '2023-06-12 12:03:31'),
(157, 12, 0, 20, '2023-06-12 12:03:33'),
(158, 12, 0, 20, '2023-06-12 12:03:36'),
(159, 12, 0, 20, '2023-06-12 12:03:38'),
(160, 12, 0, 20, '2023-06-12 12:03:41'),
(161, 12, 0, 20, '2023-06-12 12:03:43'),
(162, 12, 0, 20, '2023-06-12 12:03:46'),
(163, 12, 0, 20, '2023-06-12 12:03:48'),
(164, 12, 0, 20, '2023-06-12 12:03:51'),
(165, 12, 0, 20, '2023-06-12 12:03:53'),
(166, 12, 0, 20, '2023-06-12 12:03:56'),
(167, 12, 0, 20, '2023-06-12 12:03:58'),
(168, 12, 0, 20, '2023-06-12 12:04:01'),
(169, 12, 0, 20, '2023-06-12 12:04:03'),
(170, 12, 0, 20, '2023-06-12 12:04:06'),
(171, 12, 0, 20, '2023-06-12 12:04:08'),
(172, 12, 0, 20, '2023-06-12 12:04:11'),
(173, 12, 0, 20, '2023-06-12 12:04:13'),
(174, 12, 0, 20, '2023-06-12 12:04:15'),
(175, 12, 0, 20, '2023-06-12 12:04:19'),
(176, 12, 0, 20, '2023-06-12 12:04:22'),
(177, 12, 0, 20, '2023-06-12 12:04:24'),
(178, 12, 0, 20, '2023-06-12 12:04:27'),
(179, 12, 0, 20, '2023-06-12 12:04:30'),
(180, 12, 0, 20, '2023-06-12 12:04:32'),
(181, 12, 0, 20, '2023-06-12 12:04:35'),
(182, 12, 0, 20, '2023-06-12 12:04:37'),
(183, 12, 0, 20, '2023-06-12 12:04:40'),
(184, 12, 0, 20, '2023-06-12 12:04:42'),
(185, 12, 0, 20, '2023-06-12 12:04:45'),
(186, 12, 0, 20, '2023-06-12 12:04:47'),
(187, 12, 0, 20, '2023-06-12 12:04:50'),
(188, 12, 0, 20, '2023-06-12 12:04:53'),
(189, 12, 0, 20, '2023-06-12 12:04:55'),
(190, 12, 0, 20, '2023-06-12 12:04:58'),
(191, 12, 0, 20, '2023-06-12 12:05:00'),
(192, 12, 0, 20, '2023-06-12 12:05:03'),
(193, 12, 0, 20, '2023-06-12 12:05:05'),
(194, 12, 0, 20, '2023-06-12 12:05:07'),
(195, 12, 0, 20, '2023-06-12 12:05:10'),
(196, 12, 0, 20, '2023-06-12 12:05:12'),
(197, 12, 0, 20, '2023-06-12 12:05:15'),
(198, 12, 0, 20, '2023-06-12 12:05:17'),
(199, 12, 0, 20, '2023-06-12 12:05:20'),
(200, 12, 0, 20, '2023-06-12 12:05:23'),
(201, 12, 0, 20, '2023-06-12 12:05:26'),
(202, 12, 0, 20, '2023-06-12 12:05:28'),
(203, 12, 0, 20, '2023-06-12 12:05:31'),
(204, 12, 0, 20, '2023-06-12 12:05:33'),
(205, 12, 0, 20, '2023-06-12 12:05:36'),
(206, 12, 0, 20, '2023-06-12 12:05:38'),
(207, 12, 0, 20, '2023-06-12 12:06:32'),
(208, 12, 0, 20, '2023-06-12 12:06:35'),
(209, 12, 0, 20, '2023-06-12 12:06:38'),
(210, 12, 0, 20, '2023-06-12 12:06:40'),
(211, 12, 0, 20, '2023-06-12 12:06:42'),
(212, 15, 0, 20, '2023-06-12 12:09:16'),
(213, 15, 0, 20, '2023-06-12 12:09:19'),
(214, 15, 0, 20, '2023-06-12 12:10:45'),
(215, 15, 0, 20, '2023-06-12 12:11:11'),
(216, 15, 0, 20, '2023-06-12 12:11:13'),
(217, 15, 0, 20, '2023-06-12 12:11:16'),
(218, 15, 0, 20, '2023-06-12 12:12:14'),
(219, 15, 1, 20, '2023-06-12 12:12:40'),
(220, 12, 1, 20, '2023-06-12 12:13:33'),
(221, 12, 1, 20, '2023-06-12 12:13:59'),
(222, 12, 1, 20, '2023-06-12 12:14:18'),
(223, 12, 0, 20, '2023-06-12 12:15:00'),
(224, 12, 0, 20, '2023-06-12 12:15:13'),
(225, 12, 0, 20, '2023-06-12 12:15:25'),
(226, 12, 0, 20, '2023-06-12 12:15:38'),
(227, 12, 0, 20, '2023-06-12 12:15:41'),
(228, 12, 0, 20, '2023-06-12 12:15:44'),
(229, 12, 1, 20, '2023-06-12 12:15:47'),
(230, 12, 1, 20, '2023-06-12 12:16:19'),
(231, 12, 1, 20, '2023-06-12 12:16:51'),
(232, 12, 1, 20, '2023-06-12 12:17:23'),
(233, 12, 1, 20, '2023-06-12 12:17:55'),
(234, 12, 1, 20, '2023-06-12 12:18:27'),
(235, 12, 1, 20, '2023-06-12 12:18:59'),
(236, 12, 1, 20, '2023-06-12 12:19:31'),
(237, 12, 1, 20, '2023-06-12 12:20:03'),
(238, 12, 1, 20, '2023-06-12 12:20:35'),
(239, 12, 1, 20, '2023-06-12 12:21:07'),
(240, 12, 1, 20, '2023-06-12 12:21:39'),
(241, 12, 1, 20, '2023-06-12 12:22:11'),
(242, 12, 1, 20, '2023-06-12 12:22:43'),
(243, 12, 1, 20, '2023-06-12 12:23:15'),
(244, 12, 1, 20, '2023-06-12 12:23:47'),
(245, 12, 1, 20, '2023-06-12 12:24:19'),
(246, 12, 1, 20, '2023-06-12 12:24:52'),
(247, 12, 1, 20, '2023-06-12 12:25:24'),
(248, 12, 1, 20, '2023-06-12 12:25:56'),
(249, 12, 1, 20, '2023-06-12 12:26:28'),
(250, 12, 1, 20, '2023-06-12 12:27:00'),
(251, 12, 1, 20, '2023-06-12 12:27:32'),
(252, 12, 1, 20, '2023-06-12 12:28:04'),
(253, 12, 1, 20, '2023-06-12 12:28:36'),
(254, 12, 1, 20, '2023-06-12 12:34:02'),
(255, 12, 1, 20, '2023-06-12 12:34:34'),
(256, 12, 1, 20, '2023-06-12 12:35:06'),
(257, 12, 1, 20, '2023-06-12 12:35:38'),
(258, 12, 1, 20, '2023-06-12 12:36:10'),
(259, 12, 1, 20, '2023-06-12 12:36:42'),
(260, 12, 1, 20, '2023-06-12 12:37:14'),
(261, 12, 1, 20, '2023-06-12 12:37:46'),
(262, 12, 1, 20, '2023-06-12 12:38:19'),
(263, 12, 1, 20, '2023-06-12 12:38:51'),
(264, 12, 1, 20, '2023-06-12 12:39:23'),
(265, 12, 1, 20, '2023-06-12 12:39:55'),
(266, 12, 1, 20, '2023-06-12 12:40:27'),
(267, 12, 1, 20, '2023-06-12 12:40:59'),
(268, 12, 1, 20, '2023-06-12 12:41:31'),
(269, 12, 1, 20, '2023-06-12 12:42:03'),
(270, 12, 1, 20, '2023-06-12 12:42:35'),
(271, 12, 1, 20, '2023-06-12 12:43:07'),
(272, 12, 1, 20, '2023-06-12 12:43:39'),
(273, 12, 1, 20, '2023-06-12 12:44:11'),
(274, 12, 1, 20, '2023-06-12 12:44:43'),
(275, 12, 1, 20, '2023-06-12 12:45:15'),
(276, 12, 1, 20, '2023-06-12 12:45:48'),
(277, 12, 1, 20, '2023-06-12 12:46:20'),
(278, 12, 1, 20, '2023-06-12 12:46:52'),
(279, 12, 1, 20, '2023-06-12 13:14:51');

-- --------------------------------------------------------

--
-- Table structure for table `servers`
--

CREATE TABLE `servers` (
  `id` int(11) NOT NULL,
  `name` varchar(255) NOT NULL,
  `ip` varchar(255) NOT NULL,
  `date` timestamp NOT NULL DEFAULT current_timestamp()
) ENGINE=MyISAM DEFAULT CHARSET=utf8mb4;

--
-- Dumping data for table `servers`
--

INSERT INTO `servers` (`id`, `name`, `ip`, `date`) VALUES
(1, 'First Server', '111.111.11.111', '2023-06-06 22:27:46'),
(6, 'Third Server', '333.333.333.333', '2023-06-07 12:38:18'),
(10, 'jfksajfk', '1.234.21', '2023-06-10 10:38:13'),
(11, 'Webserver', '112.1.2.3', '2023-06-11 13:19:33'),
(12, 'AzureWebserver', '104.214.221.249', '2023-06-12 11:58:31'),
(15, 'google.com', 'https://www.google.com/', '2023-06-12 12:08:59');

-- --------------------------------------------------------

--
-- Table structure for table `tb_alerts`
--

CREATE TABLE `tb_alerts` (
  `id` int(11) NOT NULL,
  `alert` varchar(255) NOT NULL,
  `status` varchar(255) NOT NULL,
  `server_id` int(2) DEFAULT NULL,
  `timestamp` timestamp NOT NULL DEFAULT current_timestamp() ON UPDATE current_timestamp()
) ENGINE=InnoDB DEFAULT CHARSET=utf8mb4;

--
-- Dumping data for table `tb_alerts`
--

INSERT INTO `tb_alerts` (`id`, `alert`, `status`, `server_id`, `timestamp`) VALUES
(5, 'Someone tried to acces our api with the wrong credentials api key: c7mac adress : 11:00:11:00', '2', 0, '2023-06-05 13:00:25'),
(6, 'Threshold_exceeded_Triggering_function_CPU', '0', 0, '2023-06-10 10:28:35'),
(7, 'Threshold_exceeded_Triggering_function_CPU', '0', 0, '2023-06-10 10:31:26'),
(8, 'Threshold_exceeded_Triggering_function_CPU', '0', 0, '2023-06-11 18:44:30'),
(9, 'Threshold_exceeded_Triggering_function_CPU', '0', 0, '2023-06-11 18:46:38'),
(10, 'Threshold_exceeded_Triggering_function_CPU', '0', 0, '2023-06-11 18:57:27'),
(11, 'Threshold_exceeded_Triggering_function_CPU', '0', 0, '2023-06-11 19:00:37'),
(12, 'Threshold_exceeded_Triggering_function_CPU', '0', 0, '2023-06-11 19:04:47'),
(13, 'Threshold_exceeded_Triggering_function_CPU', '0', 0, '2023-06-11 19:07:24'),
(14, 'Threshold_exceeded_Triggering_function_CPU', '0', 0, '2023-06-11 19:09:36'),
(15, 'Threshold_exceeded_Triggering_function_CPU', '0', 0, '2023-06-11 19:12:41'),
(16, 'Threshold_exceeded_Triggering_function_CPU', '0', 0, '2023-06-11 19:21:54'),
(17, 'Threshold_exceeded_Triggering_function_CPU', '0', 0, '2023-06-11 19:23:30'),
(18, 'Threshold_exceeded_Triggering_function_CPU', '0', 0, '2023-06-11 19:24:49'),
(19, 'Threshold_exceeded_Triggering_function_CPU', '0', 0, '2023-06-11 19:25:39'),
(20, 'Threshold_exceeded_Triggering_function_CPU', '0', 0, '2023-06-11 19:27:19'),
(21, 'Threshold_exceeded_Triggering_function_CPU', '0', 0, '2023-06-11 19:36:02'),
(22, 'Threshold_exceeded_Triggering_function_CPU', '0', 0, '2023-06-11 19:37:30'),
(23, 'Threshold_exceeded_Triggering_function_CPU', '0', 0, '2023-06-11 19:37:52'),
(24, 'Threshold_exceeded_Triggering_function_CPU', '0', 0, '2023-06-11 19:38:02'),
(25, 'Threshold-exceeded-Triggering-function-Memory', '0', 1, '2023-06-12 13:35:30');

-- --------------------------------------------------------

--
-- Table structure for table `tb_apikey`
--

CREATE TABLE `tb_apikey` (
  `id` int(11) NOT NULL,
  `apikey` varchar(255) NOT NULL,
  `timestamp` timestamp NOT NULL DEFAULT current_timestamp() ON UPDATE current_timestamp()
) ENGINE=InnoDB DEFAULT CHARSET=utf8mb4;

--
-- Dumping data for table `tb_apikey`
--

INSERT INTO `tb_apikey` (`id`, `apikey`, `timestamp`) VALUES
(1, '853d563a-e363-48d5-a85b-7a47b53fdcd2', '2023-06-05 11:59:05'),
(2, 'c7c37a0b-5414-46bc-b03c-02eecbffc632', '2023-06-05 11:59:33'),
(3, '8114f38f-5076-438e-a55d-94d390383523', '2023-06-05 11:59:59'),
(4, '2782ebe3-9ec7-48d9-abfe-0aca0d8692b0', '2023-06-05 12:00:04'),
(5, '0f5b3f2a-7728-4950-bf5e-78a0d3a67f75', '2023-06-05 12:02:50'),
(6, 'cf305148-4888-4e65-8515-26bdef4810fd', '2023-06-05 12:03:25'),
(7, '23d6359f-eca2-49e9-82c2-19dca5616a2f', '2023-06-05 12:03:38'),
(8, '6b85bf9d-2ccd-4a50-9cbb-716eecce9926', '2023-06-05 12:03:50'),
(9, '9b38cfef-8ab6-469d-8ae4-68ecee1809e0', '2023-06-05 12:04:58'),
(10, '6432277e-8c0c-499d-82ed-3c83a9a1d1e0', '2023-06-05 12:07:15'),
(11, '97b1de04-e8f6-4acf-a2f6-aa31ad7353e4', '2023-06-05 12:08:08'),
(12, '1aa62153-69e4-41dd-9311-dda773153bf3', '2023-06-12 12:20:32');

-- --------------------------------------------------------

--
-- Table structure for table `tb_macadress`
--

CREATE TABLE `tb_macadress` (
  `id` int(11) NOT NULL,
  `macadress` varchar(255) NOT NULL,
  `timestamp` timestamp NOT NULL DEFAULT current_timestamp()
) ENGINE=InnoDB DEFAULT CHARSET=utf8mb4;

--
-- Dumping data for table `tb_macadress`
--

INSERT INTO `tb_macadress` (`id`, `macadress`, `timestamp`) VALUES
(1, '11:00:11:00', '2023-06-05 12:19:05');

-- --------------------------------------------------------

--
-- Table structure for table `tb_reservationdata`
--

CREATE TABLE `tb_reservationdata` (
  `id` int(11) NOT NULL,
  `firstname` varchar(255) NOT NULL,
  `lastname` varchar(255) NOT NULL,
  `phonenumber` varchar(255) NOT NULL,
  `email` varchar(255) NOT NULL,
  `time` int(2) NOT NULL,
  `date` date NOT NULL,
  `verification_code` varchar(255) NOT NULL
) ENGINE=InnoDB DEFAULT CHARSET=utf8mb4;

--
-- Dumping data for table `tb_reservationdata`
--

INSERT INTO `tb_reservationdata` (`id`, `firstname`, `lastname`, `phonenumber`, `email`, `time`, `date`, `verification_code`) VALUES
(4, 'Thomas', 'de jong', '0646768842', 'Bas@kpnplanet.nl', 0, '0000-00-00', ''),
(5, 'Mathijs', 'de broek', '0646768842', 'Mathijs@employee.com', 0, '0000-00-00', ''),
(6, 'Klaas', 'Tom', '0646768842', 'bas@gmail.com', 0, '0000-00-00', ''),
(7, 'bas', 'klaas', '0646768842', 'ruimtemeneer@gmail.com', 0, '0000-00-00', ''),
(8, 'Bas', 'Klaas', '0646768842', 'ruimtemeneer@gmail.com', 0, '0000-00-00', ''),
(9, 'Bas', 'Klaas', '0646768842', 'ruimtemeneer@gmail.com', 0, '0000-00-00', ''),
(10, 'Klaas', 'bas', '0646768842', 'ruimtemeneer@gmail.com', 0, '0000-00-00', ''),
(11, 'Klaas', 'bas', '0646768842', 'ruimtemeneer@gmail.com', 0, '0000-00-00', '');

-- --------------------------------------------------------

--
-- Table structure for table `tb_specs`
--

CREATE TABLE `tb_specs` (
  `id` int(11) NOT NULL,
  `timestamp` datetime NOT NULL DEFAULT current_timestamp(),
  `cpu` varchar(255) NOT NULL,
  `memory` varchar(255) NOT NULL,
  `disk` varchar(255) NOT NULL,
  `server_ip` int(1) NOT NULL
) ENGINE=InnoDB DEFAULT CHARSET=utf8mb4;

--
-- Dumping data for table `tb_specs`
--

INSERT INTO `tb_specs` (`id`, `timestamp`, `cpu`, `memory`, `disk`, `server_ip`) VALUES
(9, '2023-05-30 15:37:50', '7.5', '81.6', '84.8', 0),
(10, '2023-05-30 15:38:02', '9.0', '81.6', '84.0', 0),
(11, '2023-05-30 15:38:08', '9.1', '81.6', '83.3', 0),
(12, '2023-05-30 15:38:14', '14.8', '81.6', '84.8', 0),
(13, '2023-05-30 15:38:20', '9.0', '81.6', '83.9', 0),
(14, '2023-05-30 15:38:26', '4.5', '81.6', '83.7', 0),
(15, '2023-05-30 15:40:02', '21.4', '81.6', '84.5', 0),
(16, '2023-05-31 08:27:09', '9.5', '80.7', '84.5', 0),
(17, '2023-06-11 21:06:47', '89.1', '67.2', '89.2', 2),
(18, '2023-06-11 21:38:02', '17.4', '84.6', '91.3', 1),
(19, '2023-06-12 13:54:26', '8.8', '76.5', '88.8', 1),
(20, '2023-06-12 13:55:27', '8.0', '76.4', '88.8', 1),
(21, '2023-06-12 15:14:55', '12.5', '79.9', '88.8', 1),
(22, '2023-06-12 15:15:19', '13.7', '80.8', '88.8', 1),
(23, '2023-06-12 15:16:20', '4.7', '78.4', '88.8', 1),
(24, '2023-06-12 15:17:22', '13.9', '82.3', '88.8', 1),
(25, '2023-06-12 15:18:23', '22.2', '83.5', '88.8', 1),
(26, '2023-06-12 15:19:24', '9.6', '80.8', '88.8', 1),
(27, '2023-06-12 15:20:03', '6.6', '80.6', '88.8', 1),
(28, '2023-06-12 15:20:36', '5.4', '80.9', '88.8', 1),
(29, '2023-06-12 15:23:44', '5.7', '81.5', '88.8', 1),
(30, '2023-06-12 15:26:48', '6.1', '80.9', '88.8', 1),
(31, '2023-06-12 15:28:20', '6.2', '81.9', '88.8', 1),
(32, '2023-06-12 15:33:50', '13.4', '81.0', '88.8', 1),
(33, '2023-06-12 15:34:11', '7.3', '79.5', '88.8', 1),
(34, '2023-06-12 15:35:30', '5.2', '80.7', '88.8', 1);

-- --------------------------------------------------------

--
-- Table structure for table `tb_uptimedata`
--

CREATE TABLE `tb_uptimedata` (
  `id` int(11) NOT NULL,
  `status` int(11) NOT NULL,
  `speed` int(11) NOT NULL,
  `url` varchar(255) NOT NULL,
  `timestamp` timestamp NOT NULL DEFAULT current_timestamp()
) ENGINE=InnoDB DEFAULT CHARSET=utf8mb4;

-- --------------------------------------------------------

--
-- Table structure for table `tb_users`
--

CREATE TABLE `tb_users` (
  `uuid` varchar(255) NOT NULL,
  `username` varchar(255) NOT NULL,
  `password` varchar(255) NOT NULL,
  `status` int(11) NOT NULL,
  `timestamp` timestamp NOT NULL DEFAULT current_timestamp()
) ENGINE=InnoDB DEFAULT CHARSET=utf8mb4;

--
-- Dumping data for table `tb_users`
--

INSERT INTO `tb_users` (`uuid`, `username`, `password`, `status`, `timestamp`) VALUES
('0c5699f8-467b-4dcd-9649-c35f01a5279d', 'admin', '$2y$10$4HL6ZoB9cQp5zeJXCAHUo.fOg7Xhvb2F9LMajQdu.Mj26gl/vudqm', 1, '2023-03-28 12:44:25');

-- --------------------------------------------------------

--
-- Table structure for table `users`
--

CREATE TABLE `users` (
  `id` int(11) NOT NULL,
  `date` date NOT NULL,
  `time` time NOT NULL,
  `guests` int(11) NOT NULL
) ENGINE=InnoDB DEFAULT CHARSET=utf8mb4;

--
-- Dumping data for table `users`
--

INSERT INTO `users` (`id`, `date`, `time`, `guests`) VALUES
(1, '2023-03-01', '20:29:51', 2),
(2, '2023-03-02', '20:14:14', 3),
(3, '2023-03-02', '20:14:14', 3);

--
-- Indexes for dumped tables
--

--
-- Indexes for table `alerts`
--
ALTER TABLE `alerts`
  ADD PRIMARY KEY (`id`);

--
-- Indexes for table `requests`
--
ALTER TABLE `requests`
  ADD PRIMARY KEY (`id`);

--
-- Indexes for table `servers`
--
ALTER TABLE `servers`
  ADD PRIMARY KEY (`id`);

--
-- Indexes for table `tb_alerts`
--
ALTER TABLE `tb_alerts`
  ADD PRIMARY KEY (`id`);

--
-- Indexes for table `tb_apikey`
--
ALTER TABLE `tb_apikey`
  ADD PRIMARY KEY (`id`);

--
-- Indexes for table `tb_macadress`
--
ALTER TABLE `tb_macadress`
  ADD PRIMARY KEY (`id`);

--
-- Indexes for table `tb_reservationdata`
--
ALTER TABLE `tb_reservationdata`
  ADD PRIMARY KEY (`id`);

--
-- Indexes for table `tb_specs`
--
ALTER TABLE `tb_specs`
  ADD PRIMARY KEY (`id`);

--
-- Indexes for table `tb_uptimedata`
--
ALTER TABLE `tb_uptimedata`
  ADD PRIMARY KEY (`id`);

--
-- Indexes for table `tb_users`
--
ALTER TABLE `tb_users`
  ADD PRIMARY KEY (`uuid`);

--
-- Indexes for table `users`
--
ALTER TABLE `users`
  ADD PRIMARY KEY (`id`);

--
-- AUTO_INCREMENT for dumped tables
--

--
-- AUTO_INCREMENT for table `alerts`
--
ALTER TABLE `alerts`
  MODIFY `id` int(11) NOT NULL AUTO_INCREMENT, AUTO_INCREMENT=6;

--
-- AUTO_INCREMENT for table `requests`
--
ALTER TABLE `requests`
  MODIFY `id` int(11) NOT NULL AUTO_INCREMENT, AUTO_INCREMENT=280;

--
-- AUTO_INCREMENT for table `servers`
--
ALTER TABLE `servers`
  MODIFY `id` int(11) NOT NULL AUTO_INCREMENT, AUTO_INCREMENT=16;

--
-- AUTO_INCREMENT for table `tb_alerts`
--
ALTER TABLE `tb_alerts`
  MODIFY `id` int(11) NOT NULL AUTO_INCREMENT, AUTO_INCREMENT=26;

--
-- AUTO_INCREMENT for table `tb_apikey`
--
ALTER TABLE `tb_apikey`
  MODIFY `id` int(11) NOT NULL AUTO_INCREMENT, AUTO_INCREMENT=13;

--
-- AUTO_INCREMENT for table `tb_macadress`
--
ALTER TABLE `tb_macadress`
  MODIFY `id` int(11) NOT NULL AUTO_INCREMENT, AUTO_INCREMENT=2;

--
-- AUTO_INCREMENT for table `tb_reservationdata`
--
ALTER TABLE `tb_reservationdata`
  MODIFY `id` int(11) NOT NULL AUTO_INCREMENT, AUTO_INCREMENT=12;

--
-- AUTO_INCREMENT for table `tb_specs`
--
ALTER TABLE `tb_specs`
  MODIFY `id` int(11) NOT NULL AUTO_INCREMENT, AUTO_INCREMENT=35;

--
-- AUTO_INCREMENT for table `tb_uptimedata`
--
ALTER TABLE `tb_uptimedata`
  MODIFY `id` int(11) NOT NULL AUTO_INCREMENT;

--
-- AUTO_INCREMENT for table `users`
--
ALTER TABLE `users`
  MODIFY `id` int(11) NOT NULL AUTO_INCREMENT, AUTO_INCREMENT=4;
COMMIT;

/*!40101 SET CHARACTER_SET_CLIENT=@OLD_CHARACTER_SET_CLIENT */;
/*!40101 SET CHARACTER_SET_RESULTS=@OLD_CHARACTER_SET_RESULTS */;
/*!40101 SET COLLATION_CONNECTION=@OLD_COLLATION_CONNECTION */;
